SNP,LDL_beta,HDL_beta,Trg_beta,LDL_se,HDL_se,Trg_se,SBP_beta,SBP_se
rs10019888,-0.027,0.0182,0.0228,0.0046,0.005,0.0045,-0.00426935,0.00280123
rs10468017,0.1179,0.002,0.0379,0.0038,0.0042,0.0039,0.00110389,0.0022769
rs1047891,-0.0269,0.0079,0,0.0039,0.0042,0.0038,-0.0131737,0.00222743
rs10490626,0.0081,-0.0508,0.0085,0.0064,0.0069,0.0062,-0.00111303,0.00374264
rs10761762,0.0191,0.0103,-0.027,0.0034,0.0036,0.0033,-0.00854986,0.00207701
rs10832962,0.0043,0.032,0.0109,0.0038,0.004,0.0037,0.00472509,0.00237133
rs10893499,-0.0153,0.0521,0.0196,0.0049,0.0053,0.0048,0.00300332,0.00305474
rs10903129,9e-04,0.0328,0.008,0.0034,0.0037,0.0033,1.32761e-05,0.00208178
rs11045163,0.0217,-0.0055,-0.0097,0.0035,0.0037,0.0034,-0.00409425,0.00209856
rs11065987,-0.0222,-0.0269,0.0072,0.0035,0.0038,0.0034,0.0179011,0.00210202
rs112201728,-0.0177,0.0675,0.033,0.0098,0.0104,0.0093,-0.0092337,0.00406775
rs11563251,0.0058,0.0345,0.0083,0.0057,0.0062,0.0056,0.00677185,0.00329253
rs11591147,0.0378,-0.497,-0.0062,0.0168,0.018,0.0169,0.00403051,0.00791408
rs11765979,0.0412,-0.0111,-0.0247,0.0048,0.0052,0.0047,-0.00708605,0.00207645
rs11789603,0.06,0.0196,0.0136,0.006,0.0065,0.0059,6.3828e-05,0.00335046
rs11974409,0.031,0.0025,-0.0899,0.0043,0.0046,0.0042,-1.03046e-05,0.00261394
rs12066643,0.0049,-0.0389,-0.0076,0.0059,0.0064,0.0058,0.000189511,0.00339326
rs12145743,0.0203,-0.0042,-0.0123,0.0036,0.0039,0.0036,-0.00614815,0.00218954
rs12280753,-0.0922,0.0612,0.1931,0.0066,0.0071,0.0064,-0.00211831,0.00397102
rs12412743,-0.0291,-0.023,0.0238,0.0045,0.0049,0.0044,-0.00249006,0.00278042
rs1250229,-0.0034,0.0243,0.0089,0.0039,0.0042,0.0038,-0.0179169,0.00237046
rs1260326,0.0113,-0.0206,-0.1148,0.0035,0.0037,0.0034,-0.00556484,0.00211586
rs12678919,0.1554,-0.008,-0.1702,0.0057,0.0061,0.0056,-0.00836209,0.00349464
rs12721109,0.0494,-0.4462,0.0572,0.0173,0.0183,0.0161,-0.0131916,0.00659265
rs12748152,-0.0506,0.0499,0.0372,0.0062,0.0066,0.0059,0.015144,0.00381643
rs12916,0.0038,0.0733,0.0025,0.0035,0.0038,0.0034,-0.00123685,0.00211574
rs13076253,-0.0283,-0.0077,0.0135,0.0048,0.0052,0.0047,0.0024942,0.00297682
rs13099479,0.036,-0.015,-0.0158,0.0062,0.0066,0.006,-0.00252753,0.00369452
rs13107325,-0.0708,-0.0156,0.0309,0.0078,0.0083,0.0077,-0.0267089,0.00394247
rs13206249,0.0024,-0.0378,-0.0064,0.0057,0.0062,0.0057,0.00670412,0.0025358
rs13277801,-0.0037,-0.0338,-0.0178,0.0035,0.0038,0.0034,-0.00313535,0.00219836
rs1367117,-0.0223,0.1186,0.0252,0.0037,0.004,0.0036,0.000561071,0.0021927
rs1515110,-0.0323,0.0063,0.0265,0.0035,0.0037,0.0034,0.00898953,0.00215464
rs1564348,-0.0077,0.0481,0.0164,0.0046,0.005,0.0045,0.00142513,0.00276792
rs16831243,0.0114,0.0378,-6e-04,0.0051,0.0055,0.0051,-0.0113695,0.00338814
rs16891156,-0.0291,0.0965,-0.0181,0.0162,0.0171,0.0159,0.0206096,0.00733278
rs1689797,-0.0358,0.0142,0.0106,0.0036,0.0039,0.0035,-0.000767937,0.00219771
rs16942887,0.0831,0.0011,-0.0115,0.0051,0.0054,0.005,-0.00335849,0.00324427
rs16948098,-0.0663,-0.0019,0.08,0.009,0.0097,0.0089,0.00296635,0.00519413
rs16965220,0.0219,-0.0136,-0.0101,0.0037,0.004,0.0037,0.00379369,0.00222984
rs17173637,-0.0363,0.0069,0.0211,0.0057,0.0062,0.0056,0.011521,0.00372301
rs17404153,0.0097,-0.0336,-0.0117,0.005,0.0054,0.0049,-0.0042235,0.00317278
rs174535,-0.0392,-0.0504,0.047,0.0035,0.0038,0.0034,-0.00217272,0.00217523
rs1801689,-0.0354,0.1028,-0.0241,0.0136,0.0139,0.0132,-0.0127346,0.00602549
rs181360,-0.0376,-0.0074,-0.0091,0.0042,0.0045,0.0041,-0.0127759,0.00263351
rs1832007,-0.0074,-0.0082,-0.0327,0.0049,0.0053,0.0047,-0.000878909,0.00287783
rs1877031,0.0336,0.0058,-0.0082,0.0036,0.0038,0.0035,0.00506953,0.00219925
rs1883025,-0.0698,-0.0296,-0.0219,0.0041,0.0044,0.004,0.00112027,0.00238129
rs1936800,-0.02,0.0062,0.0175,0.0034,0.0037,0.0033,-0.00492257,0.00207662
rs2013208,0.0254,5e-04,-0.0036,0.0036,0.0038,0.0034,-0.00791286,0.00207411
rs2030746,-0.0025,0.0214,0.0031,0.0036,0.0038,0.0035,-0.00123796,0.00210204
rs205262,-0.0283,-0.0088,0.0028,0.0039,0.0041,0.0038,0.00307644,0.00233648
rs2066714,0.0453,0.0173,0.0202,0.0071,0.0078,0.0071,-8.08479e-05,0.00309271
rs2068888,0.0193,-0.0166,-0.0241,0.0035,0.0038,0.0034,-0.000280198,0.00208303
rs2073547,-0.0049,0.0485,0.0148,0.0045,0.0049,0.0044,0.00328096,0.00265846
rs2228603,0.0054,-0.104,-0.1059,0.0067,0.0072,0.0065,0.0118553,0.00394401
rs2239520,0.0023,-0.0124,-0.0236,0.0038,0.0041,0.0037,0.0043298,0.00209488
rs2241210,0.0332,0.0078,0.0029,0.0035,0.0037,0.0033,-0.00112751,0.00207503
rs2241770,-0.0989,0.017,0.0153,0.0057,0.0062,0.0057,5.86189e-05,0.00351778
rs2247056,0.0121,0.0248,0.0378,0.004,0.0043,0.0039,0.00944825,0.00226817
rs2250802,-0.034,-0.0296,0.023,0.0038,0.004,0.0037,-0.00624576,0.00231786
rs2290547,-0.0297,6e-04,0.0096,0.0046,0.0049,0.0044,-0.000658825,0.00272702
rs2293889,0.0312,-0.0147,-0.0062,0.0035,0.0038,0.0034,-0.00212861,0.0020997
rs2315065,0.0257,0.1102,0.0113,0.0141,0.0158,0.014,-0.00486775,0.00351137
rs2328223,-4e-04,0.0299,-0.0066,0.0046,0.005,0.0045,0.00499291,0.00265729
rs2390536,-9e-04,0.0223,0.0034,0.0035,0.0038,0.0035,-0.00408192,0.00216162
rs2454722,0.0351,0.0089,-0.0067,0.0044,0.0047,0.0043,0.00263781,0.00268753
rs2495495,-0.0067,-0.0342,-3e-04,0.0056,0.0059,0.0054,0.00256539,0.0032641
rs2602836,-0.0192,7e-04,0.009,0.0034,0.0037,0.0033,-0.00249211,0.00210258
rs2606736,-0.0246,1e-04,0.0193,0.0043,0.0046,0.0041,0.0132809,0.00215258
rs2642438,0.0303,0.0352,-0.0172,0.0039,0.0042,0.0038,-0.000883269,0.00226655
rs267733,0.0161,-0.0331,-0.0025,0.005,0.0053,0.0048,0.00561317,0.00281959
rs2710642,-0.0096,0.0239,0.0065,0.0035,0.0038,0.0034,0.00052226,0.00220173
rs2738459,0.0169,-0.0532,-0.0031,0.0054,0.0058,0.0052,-0.00258438,0.00208519
rs2886232,0.0073,-0.0451,-0.0023,0.006,0.0064,0.0058,-0.00230223,0.00316648
rs2925979,0.0351,0.0031,-0.0205,0.0037,0.004,0.0036,-0.00294683,0.00226491
rs2954022,0.0399,-0.0546,-0.078,0.0034,0.0036,0.0033,-0.00429419,0.00207926
rs2965157,0.0475,-0.1886,0.0278,0.0103,0.0112,0.0101,0.00166487,0.00612355
rs314253,0.003,-0.0242,-0.0086,0.0035,0.0038,0.0034,0.0035663,0.00217379
rs3198697,0.0163,0.0096,-0.0198,0.0035,0.0037,0.0034,-0.00293978,0.00211083
rs364585,5e-04,0.0249,-0.0018,0.0035,0.0038,0.0034,0.00271765,0.00212745
rs3741414,0.0296,-0.0159,-0.028,0.004,0.0043,0.0039,-0.006424,0.00242161
rs3757354,0.0038,-0.0382,-0.0012,0.0041,0.0044,0.004,0.0073922,0.00257741
rs3761445,-0.0158,0.0081,0.0232,0.0035,0.0037,0.0034,-0.000554273,0.00212014
rs3780181,-0.0038,-0.0445,0.0069,0.0068,0.0074,0.0066,-0.00456804,0.00417002
rs3847502,0.048,-0.0083,-0.0204,0.0036,0.0039,0.0035,-0.00814103,0.00221783
rs38855,0.0146,-0.001,-0.0187,0.0034,0.0036,0.0033,-0.00560512,0.0020885
rs4142995,-0.0263,-0.0075,0.0093,0.0037,0.004,0.0036,0.00112501,0.00212032
rs4148005,-0.0283,0.015,0.0066,0.0036,0.0039,0.0035,0.00233415,0.00223242
rs4240624,0.0818,0.0672,-0.0278,0.0058,0.0063,0.0057,-0.00847599,0.00360689
rs424346,0.0679,7e-04,0.0292,0.0113,0.0125,0.0116,-0.000597001,0.00616101
rs4253776,-0.0018,0.0311,0.0176,0.0055,0.0059,0.0054,-0.00164113,0.00325328
rs4379922,0.0247,0.0015,-0.0066,0.0036,0.0038,0.0034,-0.00323804,0.00214787
rs442177,-0.0215,0.0159,0.0309,0.0034,0.0037,0.0033,0.000849623,0.00211005
rs4465830,-0.0597,0.009,0.0534,0.0044,0.0047,0.0043,-0.00229323,0.00266675
rs4530754,8e-04,0.0275,0.0015,0.0034,0.0036,0.0033,-0.00434164,0.00207952
rs4650994,-0.021,0.0027,0.0024,0.0034,0.0036,0.0033,-0.00153644,0.00206966
rs4660293,-0.0353,0.0105,0.0203,0.004,0.0043,0.0039,0.00143163,0.00244545
rs4722551,0.0101,0.0391,-0.0267,0.0045,0.0049,0.0044,0.00214071,0.0028355
rs4846914,0.0479,-0.0043,-0.0401,0.0034,0.0037,0.0034,0.00220482,0.00212101
rs4939883,0.0799,0.0211,0.0052,0.0045,0.0048,0.0043,-0.00180466,0.00270993
rs4942486,0.0136,-0.0243,-0.0071,0.0034,0.0037,0.0033,0.00414428,0.0020782
rs4969178,0.0263,0.011,-0.0175,0.0035,0.0037,0.0034,-0.00086444,0.00215421
rs4970712,0.0039,0.0339,0.0085,0.0042,0.0044,0.004,-0.00629941,0.0025529
rs4970834,0.0254,-0.1503,-0.0054,0.0044,0.0047,0.0043,0.000341635,0.00267383
rs4983559,-0.0197,-0.0026,1e-04,0.0036,0.0038,0.0035,0.00366904,0.00213334
rs499974,-0.0263,0.0012,-0.009,0.0044,0.0047,0.0042,0.0015809,0.00284839
rs579459,0.0145,0.0665,-0.0137,0.0042,0.0045,0.0041,-0.00389256,0.00255274
rs6016373,0.0071,-0.0349,-0.0137,0.0035,0.0037,0.0034,0.000609459,0.00214992
rs6065311,0.0024,0.0417,0.0061,0.0034,0.0036,0.0033,-0.00273283,0.00207846
rs633695,0.0885,-0.001,0.0305,0.0054,0.0059,0.0054,-0.000560114,0.00229252
rs634869,0.0234,-0.0127,-0.0272,0.0034,0.0037,0.0033,-0.00481131,0.00210626
rs6511720,0.0249,-0.2209,-0.0084,0.0057,0.0061,0.0056,-0.00750095,0.00320525
rs6544713,0.003,-0.0806,-0.0126,0.0038,0.0041,0.0037,0.000484515,0.00221495
rs6567160,-0.0257,5e-04,0.0117,0.0041,0.0044,0.004,-0.00312317,0.00245487
rs6693893,0.0311,-0.0767,-0.0199,0.0123,0.0132,0.0122,0.00296682,0.00563406
rs6709904,-0.0096,-0.055,0.0022,0.0079,0.0085,0.0077,-0.00285535,0.0032823
rs676388,-0.0075,0.0265,0.0152,0.0036,0.0039,0.0035,0.00831896,0.00207813
rs6805251,-0.02,-0.012,0.0011,0.0035,0.0037,0.0034,0.000672508,0.00213262
rs6831256,-0.0131,0.0188,0.0258,0.0036,0.0038,0.0035,0.00652121,0.00209827
rs686030,0.055,0.0085,0.025,0.0049,0.0052,0.0048,0.000167459,0.00298153
rs687339,-0.0316,0.011,0.0291,0.0042,0.0045,0.004,0.007081,0.0024709
rs6882076,0.0015,0.0456,0.0286,0.0035,0.0038,0.0035,0.00134664,0.00215055
rs6909746,-0.0079,-0.0263,-0.0125,0.0035,0.0037,0.0034,-0.00053601,0.00209734
rs702485,0.0243,0.001,-0.0016,0.0034,0.0037,0.0033,-0.00364051,0.00207949
rs7254892,0.0528,-0.4853,0.1235,0.0113,0.0119,0.0106,-0.0133291,0.00590516
rs7306660,-0.0345,0.007,0.0082,0.0036,0.0038,0.0035,0.00137693,0.00216749
rs731839,0.022,0.0018,-0.0224,0.0037,0.004,0.0036,-0.00628539,0.00220073
rs7350481,0.0923,-0.0711,-0.2254,0.0067,0.0073,0.0066,-0.000885595,0.00436051
rs737337,-0.0565,-0.0071,0.0107,0.0061,0.0066,0.0059,0.00051441,0.00390187
rs749671,0.0071,-0.0152,-0.0211,0.0035,0.0037,0.0034,-0.00574618,0.00214429
rs7534572,0.0143,0.0407,0.0639,0.0055,0.0058,0.0053,-0.00156476,0.0021682
rs7551981,-0.0083,0.0472,-0.0031,0.0035,0.0038,0.0034,0.00175686,0.00214116
rs75687619,-0.0942,0.1735,0.1095,0.0152,0.0161,0.0146,0.00852385,0.00653478
rs7607980,0.0447,-0.0065,-0.0362,0.0052,0.0056,0.005,-0.00977662,0.00318837
rs7640978,3e-04,-0.0392,-0.0178,0.0064,0.0069,0.0063,-0.00313674,0.00363593
rs7832643,-0.001,0.0339,0.0017,0.0035,0.0038,0.0034,-0.00397696,0.00212262
rs8017377,-0.0037,0.0303,0.0056,0.0036,0.0038,0.0035,0.00107569,0.00207756
rs838876,-0.0493,0.003,0.0052,0.0039,0.0042,0.0037,-0.00239029,0.00225167
rs948690,0.0206,-0.0036,-0.0306,0.0053,0.0057,0.0052,-0.00149101,0.00219388
rs9686661,-0.0283,0.0179,0.0379,0.0044,0.0048,0.0044,0.011592,0.00258559
rs970548,0.0258,0.0157,0.0025,0.0039,0.0042,0.0038,0.00418003,0.00240287
rs9875338,-0.0073,-0.027,-0.0144,0.0035,0.0037,0.0034,-0.00465739,0.00211643
rs998584,-0.026,5e-04,0.0293,0.0038,0.004,0.0037,0.00460108,0.00207859
rs9989419,0.1473,-0.0277,-0.0243,0.0036,0.0039,0.0035,-0.00365305,0.00212264
